Orthogroup	Mycoplasma_agalactiae_5632_FP671138	Mycoplasma_genitalium_uid97_L43967	Mycoplasma_hyopneumoniae_AE017243
OG0000000	gi|290752286|emb|CBH40257.1|, gi|290752287|emb|CBH40258.1|, gi|290752289|emb|CBH40260.1|, gi|290752399|emb|CBH40370.1|, gi|290752409|emb|CBH40380.1|, gi|290752415|emb|CBH40386.1|, gi|290752495|emb|CBH40467.1|, gi|290752500|emb|CBH40472.1|, gi|290752501|emb|CBH40473.1|, gi|290752503|emb|CBH40475.1|, gi|290752505|emb|CBH40477.1|, gi|290752512|emb|CBH40484.1|, gi|290752617|emb|CBH40590.1|, gi|290752622|emb|CBH40595.1|, gi|290752638|emb|CBH40611.1|, gi|290752639|emb|CBH40612.1|, gi|290752684|emb|CBH40657.1|, gi|290752688|emb|CBH40662.1|, gi|290752690|emb|CBH40664.1|, gi|290752691|emb|CBH40665.1|, gi|290752692|emb|CBH40666.1|, gi|290752693|emb|CBH40667.1|, gi|290752812|emb|CBH40787.1|, gi|290752813|emb|CBH40788.1|, gi|290752814|emb|CBH40789.1|, gi|290752815|emb|CBH40790.1|, gi|290752816|emb|CBH40791.1|, gi|290752817|emb|CBH40792.1|, gi|290752818|emb|CBH40793.1|, gi|290752966|emb|CBH40941.1|, gi|290752972|emb|CBH40947.1|, gi|290752974|emb|CBH40950.1|, gi|290753029|emb|CBH41005.1|, gi|290753030|emb|CBH41006.1|, gi|290753031|emb|CBH41007.1|, gi|290753032|emb|CBH41008.1|, gi|290753033|emb|CBH41009.1|, gi|290753034|emb|CBH41010.1|, gi|290753035|emb|CBH41011.1|, gi|290753036|emb|CBH41012.1|, gi|290753037|emb|CBH41013.1|, gi|290753040|emb|CBH41016.1|, gi|290753041|emb|CBH41017.1|, gi|290753042|emb|CBH41018.1|, gi|290753043|emb|CBH41019.1|, gi|290753044|emb|CBH41020.1|, gi|290753045|emb|CBH41021.1|, gi|290753046|emb|CBH41022.1|, gi|290753052|emb|CBH41028.1|, gi|290753064|emb|CBH41040.1|		
OG0000001	gi|290752288|emb|CBH40259.1|, gi|290752368|emb|CBH40339.1|, gi|290752419|emb|CBH40390.1|, gi|290752473|emb|CBH40445.1|, gi|290752611|emb|CBH40583.1|, gi|290752636|emb|CBH40609.1|, gi|290752643|emb|CBH40616.1|, gi|290752719|emb|CBH40693.1|, gi|290752768|emb|CBH40743.1|, gi|290752799|emb|CBH40774.1|, gi|290752811|emb|CBH40786.1|, gi|290752820|emb|CBH40795.1|, gi|290752970|emb|CBH40945.1|, gi|290753018|emb|CBH40994.1|, gi|290753048|emb|CBH41024.1|		
OG0000002			gi|144227425|gb|AAZ44111.2|, gi|144227552|gb|AAZ44371.2|, gi|144227561|gb|AAZ44388.2|, gi|71851504|gb|AAZ44112.1|, gi|71851505|gb|AAZ44113.1|, gi|71851506|gb|AAZ44114.1|, gi|71851779|gb|AAZ44387.1|, gi|71851788|gb|AAZ44396.1|, gi|71851789|gb|AAZ44397.1|, gi|71851814|gb|AAZ44422.1|, gi|71851859|gb|AAZ44467.1|, gi|71852025|gb|AAZ44633.1|
OG0000003	gi|290752269|emb|CBH40240.1|, gi|290752270|emb|CBH40241.1|, gi|290752414|emb|CBH40385.1|, gi|290752490|emb|CBH40462.1|, gi|290752766|emb|CBH40741.1|	gi|1046010|gb|AAC71532.1|, gi|3844907|gb|AAC71551.1|, gi|3844927|gb|AAC71569.1|	gi|144227478|gb|AAZ44221.2|
OG0000004	gi|290752895|emb|CBH40870.1|, gi|290752904|emb|CBH40879.1|, gi|290752905|emb|CBH40880.1|, gi|290752906|emb|CBH40881.1|, gi|290752907|emb|CBH40882.1|, gi|290752910|emb|CBH40885.1|, gi|290752911|emb|CBH40886.1|		gi|144227678|gb|AAZ44609.2|
OG0000005			gi|71851791|gb|AAZ44399.1|, gi|71851810|gb|AAZ44418.1|, gi|71851917|gb|AAZ44525.1|, gi|71851970|gb|AAZ44578.1|, gi|71851995|gb|AAZ44603.1|, gi|71852017|gb|AAZ44625.1|, gi|71852028|gb|AAZ44636.1|, gi|71852041|gb|AAZ44649.1|
OG0000006			gi|144227544|gb|AAZ44355.2|, gi|71851582|gb|AAZ44190.1|, gi|71851589|gb|AAZ44197.1|, gi|71851677|gb|AAZ44285.1|, gi|71851849|gb|AAZ44457.1|, gi|71851971|gb|AAZ44579.1|, gi|71852138|gb|AAZ44746.1|
OG0000007			gi|144227468|gb|AAZ44191.2|, gi|144227543|gb|AAZ44354.2|, gi|144227747|gb|AAZ44745.2|, gi|71851588|gb|AAZ44196.1|, gi|71851678|gb|AAZ44286.1|, gi|71851848|gb|AAZ44456.1|, gi|71851972|gb|AAZ44580.1|
OG0000008	gi|290752278|emb|CBH40249.1|, gi|290752421|emb|CBH40392.1|, gi|290752422|emb|CBH40393.1|, gi|290752502|emb|CBH40474.1|, gi|290753065|emb|CBH41041.1|		gi|144227722|gb|AAZ44690.2|
OG0000009	gi|290752539|emb|CBH40511.1|, gi|290752565|emb|CBH40537.1|, gi|290752566|emb|CBH40538.1|		gi|144227629|gb|AAZ44523.2|, gi|144227727|gb|AAZ44698.2|, gi|144227728|gb|AAZ44705.2|
OG0000010	gi|290752559|emb|CBH40531.1|, gi|290752576|emb|CBH40548.1|, gi|290752737|emb|CBH40712.1|, gi|290752921|emb|CBH40896.1|	gi|3844741|gb|AAC71366.1|	gi|144227465|gb|AAZ44185.2|
OG0000011	gi|290752564|emb|CBH40536.1|, gi|290752608|emb|CBH40580.1|, gi|290752609|emb|CBH40581.1|, gi|290752640|emb|CBH40613.1|, gi|290752741|emb|CBH40716.1|, gi|290752916|emb|CBH40891.1|		
OG0000012			gi|144227593|gb|AAZ44438.2|, gi|144227594|gb|AAZ44439.2|, gi|144227617|gb|AAZ44499.2|, gi|144227632|gb|AAZ44527.2|, gi|71851518|gb|AAZ44126.1|, gi|71851832|gb|AAZ44440.1|
OG0000013			gi|144227696|gb|AAZ44647.2|, gi|144227697|gb|AAZ44650.2|, gi|144227716|gb|AAZ44681.2|, gi|144227718|gb|AAZ44684.2|, gi|144227719|gb|AAZ44686.2|, gi|71852075|gb|AAZ44683.1|
OG0000014		gi|3844981|gb|AAC71618.1|	gi|144227730|gb|AAZ44708.2|, gi|144227731|gb|AAZ44711.2|, gi|144227732|gb|AAZ44712.2|, gi|71852101|gb|AAZ44709.1|
OG0000015	gi|290753081|emb|CBH41057.1|	gi|1045740|gb|AAC71283.1|, gi|3845062|gb|AAC72487.1|, gi|3845064|gb|AAC72489.1|	gi|144227640|gb|AAZ44535.2|
OG0000016	gi|290752900|emb|CBH40875.1|, gi|290752901|emb|CBH40876.1|, gi|290752903|emb|CBH40878.1|		gi|144227449|gb|AAZ44155.2|, gi|71852131|gb|AAZ44739.1|
OG0000017	gi|290752285|emb|CBH40256.1|, gi|290752509|emb|CBH40481.1|, gi|290752517|emb|CBH40489.1|, gi|290752870|emb|CBH40845.1|, gi|290752871|emb|CBH40846.1|		
OG0000018	gi|290752307|emb|CBH40278.1|, gi|290752458|emb|CBH40430.1|	gi|3844657|gb|AAC71272.1|, gi|3844902|gb|AAC71547.1|	gi|71852133|gb|AAZ44741.1|
OG0000019	gi|290752561|emb|CBH40533.1|, gi|290752563|emb|CBH40535.1|, gi|290752739|emb|CBH40714.1|, gi|290752917|emb|CBH40892.1|, gi|290752919|emb|CBH40894.1|		
OG0000020	gi|290752785|emb|CBH40760.1|	gi|3844781|gb|AAC71404.1|, gi|3844856|gb|AAC71481.1|	gi|144227597|gb|AAZ44450.2|, gi|144227598|gb|AAZ44451.2|
OG0000021	gi|290753066|emb|CBH41042.1|	gi|3844628|gb|AAC71235.1|, gi|3844797|gb|AAC71418.1|, gi|84626152|gb|AAC71218.2|	gi|71851550|gb|AAZ44158.1|
OG0000022			gi|144227426|gb|AAZ44115.2|, gi|144227554|gb|AAZ44373.2|, gi|144227562|gb|AAZ44389.2|, gi|71851787|gb|AAZ44395.1|, gi|71851816|gb|AAZ44424.1|
OG0000023			gi|144227459|gb|AAZ44179.2|, gi|144227570|gb|AAZ44404.2|, gi|144227581|gb|AAZ44421.2|, gi|144227610|gb|AAZ44484.2|, gi|144227611|gb|AAZ44485.2|
OG0000024			gi|144227715|gb|AAZ44680.2|, gi|144227717|gb|AAZ44682.2|, gi|71852040|gb|AAZ44648.1|, gi|71852043|gb|AAZ44651.1|, gi|71852077|gb|AAZ44685.1|
OG0000025	gi|290752893|emb|CBH40868.1|, gi|290752894|emb|CBH40869.1|	gi|1045683|gb|AAC71230.1|, gi|1045684|gb|AAC71231.1|	
OG0000026	gi|290752801|emb|CBH40776.1|	gi|3844776|gb|AAC71399.1|, gi|3844882|gb|AAC71525.1|	gi|71851739|gb|AAZ44347.1|
OG0000027	gi|290752540|emb|CBH40512.1|, gi|290752567|emb|CBH40539.1|		gi|144227726|gb|AAZ44697.2|, gi|144227729|gb|AAZ44706.2|
OG0000028	gi|290752793|emb|CBH40768.1|, gi|290753013|emb|CBH40989.1|	gi|3844716|gb|AAC71343.1|	gi|71851960|gb|AAZ44568.1|
OG0000029	gi|290752964|emb|CBH40939.1|	gi|3844859|gb|AAC71485.1|, gi|3844861|gb|AAC71487.1|	gi|144227627|gb|AAZ44519.2|
OG0000030	gi|290752267|emb|CBH40238.1|, gi|290752987|emb|CBH40963.1|	gi|3845066|gb|AAC72490.1|	gi|144227417|gb|AAZ44095.2|
OG0000031	gi|290752403|emb|CBH40374.1|, gi|290752774|emb|CBH40749.1|	gi|3844878|gb|AAC71521.1|	gi|71851984|gb|AAZ44592.1|
OG0000032	gi|290752471|emb|CBH40443.1|	gi|3844701|gb|AAC71330.1|	gi|144227490|gb|AAZ44238.2|, gi|71852038|gb|AAZ44646.1|
OG0000033	gi|290752482|emb|CBH40454.1|, gi|290752494|emb|CBH40466.1|, gi|290752976|emb|CBH40952.1|		gi|71851854|gb|AAZ44462.1|
OG0000034	gi|290752530|emb|CBH40502.1|, gi|290752689|emb|CBH40663.1|, gi|290752694|emb|CBH40668.1|		gi|144227568|gb|AAZ44402.2|
OG0000035	gi|290752545|emb|CBH40517.1|, gi|290752647|emb|CBH40620.1|, gi|290752725|emb|CBH40699.1|, gi|290752934|emb|CBH40909.1|		
OG0000036	gi|290752548|emb|CBH40520.1|, gi|290752644|emb|CBH40617.1|, gi|290752728|emb|CBH40702.1|, gi|290752931|emb|CBH40906.1|		
OG0000037	gi|290752552|emb|CBH40524.1|, gi|290752553|emb|CBH40525.1|, gi|290752732|emb|CBH40706.1|, gi|290752927|emb|CBH40902.1|		
OG0000038	gi|290752555|emb|CBH40527.1|, gi|290752733|emb|CBH40708.1|, gi|290752925|emb|CBH40900.1|		gi|144227530|gb|AAZ44330.2|
OG0000039	gi|290752556|emb|CBH40528.1|, gi|290752734|emb|CBH40709.1|, gi|290752924|emb|CBH40899.1|		gi|144227529|gb|AAZ44329.2|
OG0000040	gi|290752557|emb|CBH40529.1|, gi|290752735|emb|CBH40710.1|, gi|290752923|emb|CBH40898.1|, gi|290752968|emb|CBH40943.1|		
OG0000041	gi|290752594|emb|CBH40566.1|	gi|3845001|gb|AAC71636.1|, gi|3845041|gb|AAC72468.1|	gi|71852008|gb|AAZ44616.1|
OG0000042	gi|290752681|emb|CBH40654.1|, gi|290752794|emb|CBH40769.1|	gi|84626160|gb|AAC71265.2|	gi|71851566|gb|AAZ44174.1|
OG0000043	gi|290752744|emb|CBH40719.1|, gi|290752745|emb|CBH40720.1|, gi|290752746|emb|CBH40721.1|		gi|144227648|gb|AAZ44551.2|
OG0000044	gi|290752800|emb|CBH40775.1|	gi|3844777|gb|AAC71400.1|, gi|3844881|gb|AAC71524.1|	gi|71851740|gb|AAZ44348.1|
OG0000045	gi|290752961|emb|CBH40936.1|		gi|71851851|gb|AAZ44459.1|, gi|71852032|gb|AAZ44640.1|, gi|71852035|gb|AAZ44643.1|
OG0000046	gi|290753082|emb|CBH41058.1|	gi|3844662|gb|AAC71282.1|, gi|3845063|gb|AAC72488.1|	gi|144227641|gb|AAZ44536.2|
OG0000047			gi|144227671|gb|AAZ44602.2|, gi|144227672|gb|AAZ44604.2|, gi|71851712|gb|AAZ44320.1|, gi|71851985|gb|AAZ44593.1|
OG0000048			gi|144227527|gb|AAZ44323.2|, gi|144227673|gb|AAZ44605.2|, gi|144227676|gb|ABO93480.1|, gi|71851988|gb|AAZ44596.1|
OG0000049			gi|144227585|gb|AAZ44427.2|, gi|144227586|gb|AAZ44428.2|, gi|71851803|gb|AAZ44411.1|, gi|71851817|gb|AAZ44425.1|
OG0000050			gi|144227625|gb|AAZ44516.2|, gi|144227644|gb|AAZ44545.2|, gi|71851902|gb|AAZ44510.1|, gi|71851936|gb|AAZ44544.1|
OG0000051	gi|290752802|emb|CBH40777.1|	gi|3844775|gb|AAC71398.1|	gi|71851738|gb|AAZ44346.1|
OG0000052	gi|290752280|emb|CBH40251.1|	gi|3844709|gb|AAC71337.1|	gi|144227723|gb|AAZ44691.2|
OG0000053	gi|290752526|emb|CBH40498.1|	gi|1045987|gb|AAC71511.1|	gi|71851837|gb|AAZ44445.1|
OG0000054	gi|290752372|emb|CBH40343.1|	gi|1045756|gb|AAC71297.1|	gi|71851977|gb|AAZ44585.1|
OG0000055	gi|290752373|emb|CBH40344.1|	gi|1045757|gb|AAC71298.1|	gi|144227665|gb|AAZ44584.2|
OG0000056		gi|1045742|gb|AAC71285.1|, gi|1045743|gb|AAC71286.1|, gi|3844986|gb|AAC71623.1|	
OG0000057	gi|290752406|emb|CBH40377.1|	gi|3844914|gb|AAC71558.1|	gi|144227637|gb|AAZ44532.2|
OG0000058	gi|290752354|emb|CBH40325.1|	gi|3845035|gb|AAC72462.1|	gi|71851569|gb|AAZ44177.1|
OG0000059	gi|290752383|emb|CBH40354.1|	gi|3844976|gb|AAC71614.1|	gi|71851635|gb|AAZ44243.1|
OG0000060	gi|290753061|emb|CBH41037.1|	gi|3844909|gb|AAC71553.1|	gi|144227450|gb|AAZ44160.2|
OG0000061	gi|290752391|emb|CBH40362.1|	gi|3844651|gb|AAC71258.1|	gi|71852022|gb|AAZ44630.1|
OG0000062	gi|290752787|emb|CBH40762.1|	gi|3844784|gb|AAC71406.1|	gi|144227599|gb|AAZ44453.2|
OG0000063	gi|290752392|emb|CBH40363.1|	gi|3844652|gb|AAC71259.1|	gi|144227687|gb|AAZ44629.2|
OG0000064	gi|290752393|emb|CBH40364.1|	gi|3844653|gb|AAC71260.1|	gi|71852020|gb|AAZ44628.1|
OG0000065	gi|290752440|emb|CBH40411.1|	gi|3844801|gb|AAC71421.1|	gi|71851516|gb|AAZ44124.1|
OG0000066	gi|290753075|emb|CBH41051.1|	gi|1045671|gb|AAC71219.1|	gi|71851590|gb|AAZ44198.1|
OG0000067	gi|290752441|emb|CBH40412.1|	gi|3844802|gb|AAC71422.1|	gi|71851515|gb|AAZ44123.1|
OG0000068	gi|290752858|emb|CBH40833.1|	gi|1045672|gb|AAC71220.1|	gi|144227680|gb|AAZ44615.2|
OG0000069	gi|290752704|emb|CBH40678.1|	gi|3844959|gb|AAC71598.1|	gi|71851491|gb|AAZ44099.1|
OG0000070	gi|290752705|emb|CBH40679.1|	gi|84626159|gb|AAC71409.2|	gi|144227420|gb|AAZ44100.2|
OG0000071	gi|290753056|emb|CBH41032.1|	gi|3844958|gb|AAC71597.1|	gi|71851501|gb|AAZ44109.1|
OG0000072	gi|290752997|emb|CBH40973.1|	gi|3844807|gb|AAC71427.1|	gi|144227643|gb|AAZ44541.2|
OG0000073	gi|290753049|emb|CBH41025.1|	gi|3844731|gb|AAC71357.1|	gi|144227463|gb|AAZ44183.2|
OG0000074	gi|290753003|emb|CBH40979.1|	gi|3845013|gb|AAC71647.1|	gi|144227422|gb|AAZ44103.2|
OG0000075	gi|290753006|emb|CBH40982.1|	gi|1045675|gb|AAC71223.1|	gi|144227538|gb|AAZ44343.2|
OG0000076	gi|290753010|emb|CBH40986.1|	gi|84626167|gb|AAC71650.2|	gi|144227535|gb|AAZ44339.2|
OG0000077	gi|290752510|emb|CBH40482.1|, gi|290752511|emb|CBH40483.1|		gi|144227685|gb|AAZ44626.2|
OG0000078	gi|290752764|emb|CBH40739.1|	gi|3844940|gb|AAC71581.1|	gi|71852056|gb|AAZ44664.1|
OG0000079	gi|290752281|emb|CBH40252.1|	gi|3844710|gb|AAC71338.1|	gi|71852084|gb|AAZ44692.1|
OG0000080	gi|290752282|emb|CBH40253.1|	gi|3844711|gb|AAC71339.1|	gi|144227724|gb|AAZ44693.2|
OG0000081	gi|290752283|emb|CBH40254.1|, gi|290752284|emb|CBH40255.1|	gi|3844864|gb|AAC71490.1|	
OG0000082	gi|290752293|emb|CBH40264.1|, gi|290752742|emb|CBH40717.1|		gi|71851945|gb|AAZ44553.1|
OG0000083	gi|290752304|emb|CBH40275.1|	gi|3844851|gb|AAC71473.1|	gi|144227739|gb|AAZ44724.2|
OG0000084	gi|290752305|emb|CBH40276.1|	gi|3844850|gb|AAC71472.1|	gi|71852115|gb|AAZ44723.1|
OG0000085	gi|290752309|emb|CBH40280.1|	gi|1045727|gb|AAC71270.1|	gi|71852112|gb|AAZ44720.1|
OG0000086	gi|290752311|emb|CBH40282.1|	gi|3845027|gb|AAC72455.1|	gi|71852014|gb|AAZ44622.1|
OG0000087	gi|290752312|emb|CBH40283.1|	gi|3845028|gb|AAC72456.1|	gi|144227682|gb|AAZ44621.2|
OG0000088	gi|290752316|emb|CBH40287.1|	gi|3845058|gb|AAC72483.1|	gi|144227742|gb|AAZ44735.2|
OG0000089	gi|290752317|emb|CBH40288.1|	gi|1045677|gb|AAC71225.1|	gi|144227743|gb|AAZ44736.2|
OG0000090	gi|290752318|emb|CBH40289.1|	gi|1045676|gb|AAC71224.1|	gi|71851688|gb|AAZ44296.1|
OG0000091	gi|290752320|emb|CBH40291.1|	gi|3844880|gb|AAC71523.1|	gi|71851517|gb|AAZ44125.1|
OG0000092	gi|290752321|emb|CBH40292.1|	gi|1045673|gb|AAC71221.1|	gi|144227531|gb|AAZ44334.2|
OG0000093	gi|290752323|emb|CBH40294.1|	gi|3845061|gb|AAC72486.1|	gi|71852151|gb|AAZ44759.1|
OG0000094	gi|290752325|emb|CBH40296.1|	gi|3845059|gb|AAC72484.1|	gi|71852149|gb|AAZ44757.1|
OG0000095	gi|290752326|emb|CBH40297.1|	gi|1045964|gb|AAC71492.1|	gi|144227533|gb|AAZ44337.2|
OG0000096	gi|290752328|emb|CBH40299.1|, gi|290752584|emb|CBH40556.1|		gi|144227657|gb|AAZ44569.2|
OG0000097	gi|290752330|emb|CBH40301.1|	gi|3844641|gb|AAC71247.1|	gi|71852011|gb|AAZ44619.1|
OG0000098	gi|290752332|emb|CBH40303.1|	gi|3844791|gb|AAC71412.1|	gi|144227545|gb|AAZ44356.2|
OG0000099	gi|290752333|emb|CBH40304.1|	gi|3844685|gb|AAC71315.1|	gi|144227477|gb|AAZ44218.2|
OG0000100	gi|290752334|emb|CBH40305.1|	gi|3844792|gb|AAC71413.1|	gi|71851749|gb|AAZ44357.1|
OG0000101	gi|290752335|emb|CBH40306.1|	gi|3844985|gb|AAC71622.1|	gi|71851701|gb|AAZ44309.1|
OG0000102	gi|290752337|emb|CBH40308.1|	gi|3844918|gb|AAC71561.1|	gi|71851643|gb|AAZ44251.1|
OG0000103	gi|290752339|emb|CBH40310.1|	gi|3844944|gb|AAC71585.1|	gi|144227440|gb|AAZ44135.2|
OG0000104	gi|290752340|emb|CBH40311.1|	gi|84626151|gb|AAC71461.2|	gi|144227652|gb|AAZ44559.2|
OG0000105	gi|290752344|emb|CBH40315.1|	gi|3844632|gb|AAC71239.1|	gi|71851500|gb|AAZ44108.1|
OG0000106	gi|290752346|emb|CBH40317.1|	gi|3844668|gb|AAC71299.1|	gi|71851935|gb|AAZ44543.1|
OG0000107	gi|290752347|emb|CBH40318.1|	gi|3844669|gb|AAC71300.1|	gi|71851934|gb|AAZ44542.1|
OG0000108	gi|290752351|emb|CBH40322.1|	gi|3844929|gb|AAC71571.1|	gi|144227485|gb|AAZ44230.2|
OG0000109	gi|290752357|emb|CBH40328.1|	gi|3844673|gb|AAC71304.1|	gi|144227467|gb|AAZ44188.2|
OG0000110	gi|290752358|emb|CBH40329.1|	gi|3844690|gb|AAC71320.1|	gi|71851581|gb|AAZ44189.1|
OG0000111	gi|290752360|emb|CBH40331.1|	gi|3844867|gb|AAC71496.1|	gi|71851595|gb|AAZ44203.1|
OG0000112	gi|290752361|emb|CBH40332.1|	gi|3844866|gb|AAC71495.1|	gi|71851596|gb|AAZ44204.1|
OG0000113	gi|290752363|emb|CBH40334.1|	gi|1045966|gb|AAC71494.1|	gi|71851981|gb|AAZ44589.1|
OG0000114	gi|290752364|emb|CBH40335.1|	gi|1045965|gb|AAC71493.1|	gi|71851982|gb|AAZ44590.1|
OG0000115	gi|290752365|emb|CBH40336.1|	gi|3845019|gb|AAC72447.1|	gi|71851602|gb|AAZ44210.1|
OG0000116	gi|290752366|emb|CBH40337.1|	gi|3844639|gb|AAC71245.1|	gi|144227532|gb|AAZ44335.2|
OG0000117	gi|290752370|emb|CBH40341.1|	gi|1045754|gb|AAC71295.1|	gi|144227666|gb|AAZ44587.2|
OG0000118	gi|290752371|emb|CBH40342.1|	gi|1045755|gb|AAC71296.1|	gi|71851978|gb|AAZ44586.1|
OG0000119	gi|290752376|emb|CBH40347.1|	gi|3845025|gb|AAC72453.1|, gi|3845036|gb|AAC72463.1|	
OG0000120	gi|290752378|emb|CBH40349.1|	gi|3844988|gb|AAC71624.1|	gi|71852054|gb|AAZ44662.1|
OG0000121	gi|290752381|emb|CBH40352.1|	gi|84626130|gb|AAC71615.2|	gi|71851637|gb|AAZ44245.1|
OG0000122	gi|290752382|emb|CBH40353.1|	gi|1045725|gb|AAC71268.1|	gi|71851636|gb|AAZ44244.1|
OG0000123	gi|290752384|emb|CBH40355.1|	gi|3844901|gb|AAC71546.1|	gi|71852134|gb|AAZ44742.1|
OG0000124	gi|290752385|emb|CBH40356.1|	gi|1045979|gb|AAC71505.1|	gi|71851861|gb|AAZ44469.1|
OG0000125	gi|290752390|emb|CBH40361.1|	gi|3844779|gb|AAC71402.1|	gi|144227677|gb|AAZ44608.2|
OG0000126	gi|290752395|emb|CBH40366.1|	gi|3844949|gb|AAC71589.1|	gi|71851750|gb|AAZ44358.1|
OG0000127	gi|290752401|emb|CBH40372.1|	gi|3844913|gb|AAC71557.1|	gi|71852146|gb|AAZ44754.1|
OG0000128	gi|290752404|emb|CBH40375.1|	gi|3844941|gb|AAC71582.1|	gi|71851983|gb|AAZ44591.1|
OG0000129	gi|290752408|emb|CBH40379.1|	gi|3844816|gb|AAC71435.1|	gi|71851606|gb|AAZ44214.1|
OG0000130	gi|290752410|emb|CBH40381.1|	gi|1046004|gb|AAC71527.1|	gi|71851549|gb|AAZ44157.1|
OG0000131	gi|290752416|emb|CBH40387.1|		gi|144227612|gb|AAZ44487.2|, gi|71851790|gb|AAZ44398.1|
OG0000132	gi|290752417|emb|CBH40388.1|, gi|290752418|emb|CBH40389.1|		gi|144227622|gb|AAZ44509.2|
OG0000133	gi|290752420|emb|CBH40391.1|	gi|3844842|gb|AAC71459.1|	gi|144227488|gb|AAZ44236.2|
OG0000134	gi|290752423|emb|CBH40394.1|, gi|290752429|emb|CBH40400.1|, gi|290752430|emb|CBH40401.1|		
OG0000135	gi|290752426|emb|CBH40397.1|	gi|1045955|gb|AAC71483.1|	gi|71852058|gb|AAZ44666.1|
OG0000136	gi|290752427|emb|CBH40398.1|	gi|1045954|gb|AAC71482.1|	gi|71852059|gb|AAZ44667.1|
OG0000137	gi|290752433|emb|CBH40404.1|	gi|3844967|gb|AAC71606.1|	gi|144227418|gb|AAZ44097.2|
OG0000138	gi|290752445|emb|CBH40416.1|	gi|3844968|gb|AAC71607.1|	gi|71852130|gb|AAZ44738.1|
OG0000139	gi|290752446|emb|CBH40417.1|	gi|84626144|gb|AAC71275.2|	gi|144227744|gb|AAZ44737.2|
OG0000140	gi|290752450|emb|CBH40422.1|	gi|1045741|gb|AAC71284.1|	gi|71851904|gb|AAZ44512.1|
OG0000141	gi|290752451|emb|CBH40423.1|	gi|3844935|gb|AAC71576.1|	gi|71852081|gb|AAZ44689.1|
OG0000142	gi|290752456|emb|CBH40428.1|	gi|3844722|gb|AAC71349.1|	gi|71851829|gb|AAZ44437.1|
OG0000143	gi|290752461|emb|CBH40433.1|	gi|1045995|gb|AAC71519.1|	gi|71851494|gb|AAZ44102.1|
OG0000144	gi|290752463|emb|CBH40435.1|	gi|3844630|gb|AAC71237.1|	gi|71851887|gb|AAZ44495.1|
OG0000145	gi|290752465|emb|CBH40437.1|	gi|3844693|gb|AAC71322.1|	gi|144227433|gb|AAZ44127.2|
OG0000146	gi|290752467|emb|CBH40439.1|	gi|3844696|gb|AAC71325.1|	gi|71851632|gb|AAZ44240.1|
OG0000147	gi|290752470|emb|CBH40442.1|	gi|3844699|gb|AAC71328.1|	gi|71851631|gb|AAZ44239.1|
OG0000148	gi|290752472|emb|CBH40444.1|, gi|290752475|emb|CBH40447.1|, gi|290753086|emb|CBH41062.1|		
OG0000149	gi|290752480|emb|CBH40452.1|	gi|84626124|gb|AAC71570.2|	gi|144227432|gb|AAZ44122.2|
OG0000150	gi|290752483|emb|CBH40455.1|	gi|84626136|gb|AAC71583.2|	gi|71851896|gb|AAZ44504.1|
OG0000151	gi|290752484|emb|CBH40456.1|	gi|3844943|gb|AAC71584.1|	gi|144227620|gb|AAZ44505.2|
OG0000152	gi|290752485|emb|CBH40457.1|	gi|1045972|gb|AAC71499.1|	gi|71851716|gb|AAZ44324.1|
OG0000153	gi|290752489|emb|CBH40461.1|	gi|3845014|gb|AAC71648.1|	gi|71851586|gb|AAZ44194.1|
OG0000154	gi|290752491|emb|CBH40463.1|, gi|290752979|emb|CBH40955.1|		gi|144227602|gb|AAZ44463.2|
OG0000155	gi|290752492|emb|CBH40464.1|, gi|290752978|emb|CBH40954.1|		gi|144227603|gb|AAZ44464.2|
OG0000156	gi|290752493|emb|CBH40465.1|, gi|290752977|emb|CBH40953.1|		gi|144227604|gb|AAZ44465.2|
OG0000157	gi|290752497|emb|CBH40469.1|	gi|3844680|gb|AAC71311.1|	gi|71852120|gb|AAZ44728.1|
OG0000158	gi|290752498|emb|CBH40470.1|	gi|84626146|gb|AAC71312.2|	gi|71852119|gb|AAZ44727.1|
OG0000159	gi|290752499|emb|CBH40471.1|	gi|3844739|gb|AAC71364.1|	gi|71852118|gb|AAZ44726.1|
OG0000160	gi|290752515|emb|CBH40487.1|	gi|1045746|gb|AAC71288.1|	gi|144227445|gb|AAZ44145.2|
OG0000161	gi|290752516|emb|CBH40488.1|	gi|3845026|gb|AAC72454.1|	gi|71851538|gb|AAZ44146.1|
OG0000162	gi|290752519|emb|CBH40491.1|	gi|84626154|gb|AAC71497.2|	gi|71851564|gb|AAZ44172.1|
OG0000163	gi|290752521|emb|CBH40493.1|	gi|1045940|gb|AAC71469.1|	gi|144227447|gb|AAZ44150.2|
OG0000164	gi|290752522|emb|CBH40494.1|	gi|3844848|gb|AAC71470.1|	gi|71851541|gb|AAZ44149.1|
OG0000165	gi|290752523|emb|CBH40495.1|	gi|3844849|gb|AAC71471.1|	gi|144227446|gb|AAZ44148.2|
OG0000166	gi|290752525|emb|CBH40497.1|	gi|1045986|gb|AAC71510.1|	gi|71851836|gb|AAZ44444.1|
OG0000167	gi|290752527|emb|CBH40499.1|	gi|1045988|gb|AAC71512.1|	gi|71851838|gb|AAZ44446.1|
OG0000168	gi|290752529|emb|CBH40501.1|	gi|1045748|gb|AAC71290.1|	gi|71851568|gb|AAZ44176.1|
OG0000169	gi|290752531|emb|CBH40503.1|	gi|3844712|gb|AAC71340.1|	gi|144227551|gb|AAZ44366.2|
OG0000170	gi|290752532|emb|CBH40504.1|	gi|3844677|gb|AAC71308.1|	gi|71851770|gb|AAZ44378.1|
OG0000171	gi|290752534|emb|CBH40506.1|	gi|3844679|gb|AAC71310.1|	gi|144227556|gb|AAZ44376.2|
OG0000172	gi|290752538|emb|CBH40510.1|	gi|3844852|gb|AAC71474.1|	gi|144227540|gb|AAZ44349.2|
OG0000173	gi|290752541|emb|CBH40513.1|, gi|290752721|emb|CBH40695.1|, gi|290752938|emb|CBH40913.1|		
OG0000174	gi|290752542|emb|CBH40514.1|, gi|290752722|emb|CBH40696.1|, gi|290752937|emb|CBH40912.1|		
OG0000175	gi|290752543|emb|CBH40515.1|, gi|290752723|emb|CBH40697.1|, gi|290752936|emb|CBH40911.1|		
OG0000176	gi|290752544|emb|CBH40516.1|, gi|290752724|emb|CBH40698.1|, gi|290752935|emb|CBH40910.1|		
OG0000177	gi|290752546|emb|CBH40518.1|, gi|290752726|emb|CBH40700.1|, gi|290752933|emb|CBH40908.1|		
OG0000178	gi|290752547|emb|CBH40519.1|, gi|290752727|emb|CBH40701.1|, gi|290752932|emb|CBH40907.1|		
OG0000179	gi|290752549|emb|CBH40521.1|, gi|290752729|emb|CBH40703.1|, gi|290752930|emb|CBH40905.1|		
OG0000180	gi|290752550|emb|CBH40522.1|, gi|290752730|emb|CBH40704.1|, gi|290752929|emb|CBH40904.1|		
OG0000181	gi|290752551|emb|CBH40523.1|, gi|290752731|emb|CBH40705.1|, gi|290752928|emb|CBH40903.1|		
OG0000182	gi|290752558|emb|CBH40530.1|, gi|290752736|emb|CBH40711.1|, gi|290752922|emb|CBH40897.1|		
OG0000183	gi|290752560|emb|CBH40532.1|, gi|290752738|emb|CBH40713.1|, gi|290752920|emb|CBH40895.1|		
OG0000184	gi|290752562|emb|CBH40534.1|, gi|290752740|emb|CBH40715.1|, gi|290752918|emb|CBH40893.1|		
OG0000185	gi|290752580|emb|CBH40552.1|	gi|1045935|gb|AAC71464.1|	gi|144227619|gb|AAZ44502.2|
OG0000186	gi|290752583|emb|CBH40555.1|	gi|3844702|gb|AAC71331.1|	gi|71851892|gb|AAZ44500.1|
OG0000187	gi|290752586|emb|CBH40558.1|	gi|84626161|gb|AAC71323.2|	gi|144227659|gb|AAZ44571.2|
OG0000188	gi|290752589|emb|CBH40561.1|	gi|3844636|gb|AAC71242.1|	gi|71851903|gb|AAZ44511.1|
OG0000189	gi|290752596|emb|CBH40568.1|	gi|3844857|gb|AAC71484.1|	gi|71852055|gb|AAZ44663.1|
OG0000190	gi|290752597|emb|CBH40569.1|	gi|3844700|gb|AAC71329.1|	gi|71852010|gb|AAZ44618.1|
OG0000191	gi|290752600|emb|CBH40572.1|	gi|3845000|gb|AAC71635.1|	gi|71851725|gb|AAZ44333.1|
OG0000192	gi|290752601|emb|CBH40573.1|	gi|3845045|gb|AAC72471.1|	gi|71852002|gb|AAZ44610.1|
OG0000193	gi|290752603|emb|CBH40575.1|	gi|3844806|gb|AAC71426.1|	gi|144227684|gb|AAZ44624.2|
OG0000194	gi|290752604|emb|CBH40576.1|	gi|3844655|gb|AAC71262.1|	gi|71852111|gb|AAZ44719.1|
OG0000195	gi|290752606|emb|CBH40578.1|	gi|3844720|gb|AAC71347.1|	gi|144227711|gb|AAZ44675.2|
OG0000196	gi|290752610|emb|CBH40582.1|, gi|290752612|emb|CBH40584.1|, gi|290752641|emb|CBH40614.1|		
OG0000197	gi|290752616|emb|CBH40588.1|, gi|290752896|emb|CBH40871.1|, gi|290752940|emb|CBH40915.1|		
OG0000198	gi|290752619|emb|CBH40592.1|	gi|3844717|gb|AAC71344.1|	gi|144227710|gb|AAZ44674.2|
OG0000199	gi|290752620|emb|CBH40593.1|	gi|3844963|gb|AAC71602.1|	gi|71852065|gb|AAZ44673.1|
OG0000200	gi|290752626|emb|CBH40599.1|	gi|3844997|gb|AAC71633.1|	gi|144227441|gb|AAZ44137.2|
OG0000201	gi|290752627|emb|CBH40600.1|	gi|3844996|gb|AAC71632.1|	gi|71851530|gb|AAZ44138.1|
OG0000202	gi|290752629|emb|CBH40602.1|	gi|3844994|gb|AAC71630.1|	gi|144227443|gb|AAZ44140.2|
OG0000203	gi|290752630|emb|CBH40603.1|	gi|3844993|gb|AAC71629.1|	gi|144227444|gb|AAZ44141.2|
OG0000204	gi|290752631|emb|CBH40604.1|	gi|3844992|gb|AAC71628.1|	gi|71851534|gb|AAZ44142.1|
OG0000205	gi|290752632|emb|CBH40605.1|	gi|3844991|gb|AAC71627.1|	gi|71851535|gb|AAZ44143.1|
OG0000206	gi|290752649|emb|CBH40622.1|	gi|3844843|gb|AAC71460.1|	gi|144227679|gb|AAZ44611.2|
OG0000207	gi|290752650|emb|CBH40623.1|	gi|3844862|gb|AAC71488.1|	gi|71852122|gb|AAZ44730.1|
OG0000208	gi|290752652|emb|CBH40625.1|	gi|3844640|gb|AAC71246.1|	gi|71852005|gb|AAZ44613.1|
OG0000209	gi|290752658|emb|CBH40631.1|	gi|3844827|gb|AAC71445.1|	gi|144227614|gb|AAZ44492.2|
OG0000210	gi|290752660|emb|CBH40633.1|	gi|3844825|gb|AAC71443.1|	gi|71851883|gb|AAZ44491.1|
OG0000211	gi|290752661|emb|CBH40634.1|	gi|84626169|gb|AAC71442.2|	gi|71851882|gb|AAZ44490.1|
OG0000212	gi|290752662|emb|CBH40635.1|	gi|3844900|gb|AAC71545.1|	gi|71852026|gb|AAZ44634.1|
OG0000213	gi|290752663|emb|CBH40636.1|	gi|3844899|gb|AAC71544.1|	gi|71852027|gb|AAZ44635.1|
OG0000214	gi|290752667|emb|CBH40640.1|	gi|1045749|gb|AAC71291.1|	gi|144227741|gb|AAZ44731.2|
OG0000215	gi|290752668|emb|CBH40641.1|	gi|3845011|gb|AAC71645.1|	gi|144227462|gb|AAZ44182.2|
OG0000216	gi|290752671|emb|CBH40644.1|	gi|3844633|gb|AAC71240.1|	gi|71851767|gb|AAZ44375.1|
OG0000217	gi|290752673|emb|CBH40646.1|	gi|3845052|gb|AAC72478.1|	gi|71851737|gb|AAZ44345.1|
OG0000218	gi|290752674|emb|CBH40647.1|	gi|1045978|gb|AAC71504.1|	gi|71852142|gb|AAZ44750.1|
OG0000219	gi|290752678|emb|CBH40651.1|	gi|3844876|gb|AAC71518.1|	gi|144227506|gb|AAZ44289.2|
OG0000220	gi|290752679|emb|CBH40652.1|	gi|3844871|gb|AAC71513.1|	gi|144227505|gb|AAZ44288.2|
OG0000221	gi|290752680|emb|CBH40653.1|	gi|3844874|gb|AAC71516.1|	gi|71851906|gb|AAZ44514.1|
OG0000222	gi|290752685|emb|CBH40658.1|, gi|290752965|emb|CBH40940.1|, gi|290752971|emb|CBH40946.1|		
OG0000223	gi|290752698|emb|CBH40672.1|	gi|1045996|gb|AAC71520.1|	gi|71852132|gb|AAZ44740.1|
OG0000224	gi|290752699|emb|CBH40673.1|	gi|3844954|gb|AAC71594.1|	gi|71851889|gb|AAZ44497.1|
OG0000225	gi|290752707|emb|CBH40681.1|	gi|3844648|gb|AAC71254.1|	gi|71851835|gb|AAZ44443.1|
OG0000226	gi|290752708|emb|CBH40682.1|	gi|3844643|gb|AAC71249.1|	gi|71851834|gb|AAZ44442.1|
OG0000227	gi|290752709|emb|CBH40683.1|	gi|3844646|gb|AAC71252.1|	gi|144227528|gb|AAZ44326.2|
OG0000228	gi|290752710|emb|CBH40684.1|	gi|3844645|gb|AAC71251.1|	gi|71851717|gb|AAZ44325.1|
OG0000229	gi|290752711|emb|CBH40685.1|		gi|71851593|gb|AAZ44201.1|, gi|71851833|gb|AAZ44441.1|
OG0000230	gi|290752715|emb|CBH40689.1|	gi|3845010|gb|AAC71644.1|	gi|71852126|gb|AAZ44734.1|
OG0000231	gi|290752716|emb|CBH40690.1|	gi|3845009|gb|AAC71643.1|	gi|71852125|gb|AAZ44733.1|
OG0000232	gi|290752720|emb|CBH40694.1|	gi|1045747|gb|AAC71289.1|	gi|144227541|gb|AAZ44351.2|
OG0000233	gi|290752750|emb|CBH40725.1|		gi|71851929|gb|AAZ44537.1|, gi|71851930|gb|AAZ44538.1|
OG0000234	gi|290752751|emb|CBH40726.1|	gi|1045713|gb|AAC71257.1|	gi|71852087|gb|AAZ44695.1|
OG0000235	gi|290752757|emb|CBH40732.1|	gi|3844793|gb|AAC71414.1|	gi|144227475|gb|AAZ44213.2|
OG0000236	gi|290752758|emb|CBH40733.1|	gi|3844794|gb|AAC71415.1|	gi|144227474|gb|AAZ44212.2|
OG0000237	gi|290752759|emb|CBH40734.1|	gi|3844795|gb|AAC71416.1|	gi|71851603|gb|AAZ44211.1|
OG0000238	gi|290752760|emb|CBH40735.1|	gi|3844733|gb|AAC71358.1|	gi|144227712|gb|AAZ44676.2|
OG0000239	gi|290752763|emb|CBH40738.1|	gi|3844728|gb|AAC71355.1|	gi|71851555|gb|AAZ44163.1|
OG0000240	gi|290752770|emb|CBH40745.1|	gi|3844966|gb|AAC71605.1|	gi|71851498|gb|AAZ44106.1|
OG0000241	gi|290752772|emb|CBH40747.1|	gi|3845055|gb|AAC72480.1|	gi|71851616|gb|AAZ44224.1|
OG0000242	gi|290752778|emb|CBH40753.1|	gi|84626166|gb|AAC71278.2|	gi|144227480|gb|AAZ44223.2|
OG0000243	gi|290752780|emb|CBH40755.1|	gi|3844839|gb|AAC71456.1|	gi|71851544|gb|AAZ44152.1|
OG0000244	gi|290752783|emb|CBH40758.1|	gi|3844804|gb|AAC71424.1|	gi|71851548|gb|AAZ44156.1|
OG0000245	gi|290752786|emb|CBH40761.1|	gi|3844783|gb|AAC71405.1|	gi|71851844|gb|AAZ44452.1|
OG0000246	gi|290752788|emb|CBH40763.1|	gi|3844785|gb|AAC71407.1|	gi|144227600|gb|AAZ44454.2|
OG0000247	gi|290752789|emb|CBH40764.1|	gi|84626157|gb|AAC71408.2|	gi|144227601|gb|AAZ44455.2|
OG0000248	gi|290752792|emb|CBH40767.1|	gi|3844973|gb|AAC71611.1|	gi|71851523|gb|AAZ44131.1|
OG0000249	gi|290752795|emb|CBH40770.1|	gi|1045724|gb|AAC71267.1|	gi|71851565|gb|AAZ44173.1|
OG0000250	gi|290752796|emb|CBH40771.1|	gi|1045723|gb|AAC71266.1|	gi|71852006|gb|AAZ44614.1|
OG0000251	gi|290752797|emb|CBH40772.1|	gi|3845024|gb|AAC72452.1|	gi|71851585|gb|AAZ44193.1|
OG0000252	gi|290752803|emb|CBH40778.1|	gi|3844774|gb|AAC71397.1|	gi|71851646|gb|AAZ44254.1|
OG0000253	gi|290752804|emb|CBH40779.1|	gi|3844773|gb|AAC71396.1|	gi|71851647|gb|AAZ44255.1|
OG0000254	gi|290752805|emb|CBH40780.1|	gi|84626153|gb|AAC71395.2|	gi|71851648|gb|AAZ44256.1|
OG0000255	gi|290752806|emb|CBH40781.1|	gi|3844771|gb|AAC71394.1|	gi|71851649|gb|AAZ44257.1|
OG0000256	gi|290752807|emb|CBH40782.1|	gi|3844767|gb|AAC71391.1|	gi|144227496|gb|AAZ44259.2|
OG0000257	gi|290752808|emb|CBH40783.1|	gi|3844766|gb|AAC71390.1|	gi|71851652|gb|AAZ44260.1|
OG0000258	gi|290752809|emb|CBH40784.1|	gi|3844765|gb|AAC71389.1|	gi|71851653|gb|AAZ44261.1|
OG0000259	gi|290752810|emb|CBH40785.1|	gi|3844764|gb|AAC71388.1|	gi|71851654|gb|AAZ44262.1|
OG0000260	gi|290752823|emb|CBH40798.1|	gi|3844763|gb|AAC71387.1|	gi|144227497|gb|AAZ44263.2|
OG0000261	gi|290752824|emb|CBH40799.1|	gi|3844762|gb|AAC71386.1|	gi|71851656|gb|AAZ44264.1|
OG0000262	gi|290752825|emb|CBH40800.1|	gi|3844761|gb|AAC71385.1|	gi|144227498|gb|AAZ44265.2|
OG0000263	gi|290752826|emb|CBH40801.1|	gi|3844760|gb|AAC71384.1|	gi|71851658|gb|AAZ44266.1|
OG0000264	gi|290752827|emb|CBH40802.1|	gi|3844759|gb|AAC71383.1|	gi|71851659|gb|AAZ44267.1|
OG0000265	gi|290752828|emb|CBH40803.1|	gi|3844758|gb|AAC71382.1|	gi|71851660|gb|AAZ44268.1|
OG0000266	gi|290752829|emb|CBH40804.1|	gi|3844757|gb|AAC71381.1|	gi|144227499|gb|AAZ44269.2|
OG0000267	gi|290752830|emb|CBH40805.1|	gi|3844756|gb|AAC71380.1|	gi|71851662|gb|AAZ44270.1|
OG0000268	gi|290752831|emb|CBH40806.1|	gi|3844755|gb|AAC71379.1|	gi|71851663|gb|AAZ44271.1|
OG0000269	gi|290752832|emb|CBH40807.1|	gi|3844754|gb|AAC71378.1|	gi|144227500|gb|AAZ44272.2|
OG0000270	gi|290752833|emb|CBH40808.1|	gi|3844753|gb|AAC71377.1|	gi|144227501|gb|AAZ44273.2|
OG0000271	gi|290752834|emb|CBH40809.1|	gi|3844752|gb|AAC71376.1|	gi|71851666|gb|AAZ44274.1|
OG0000272	gi|290752835|emb|CBH40810.1|	gi|3844751|gb|AAC71375.1|	gi|144227502|gb|AAZ44275.2|
OG0000273	gi|290752836|emb|CBH40811.1|	gi|3844750|gb|AAC71374.1|	gi|144227503|gb|AAZ44276.2|
OG0000274	gi|290752837|emb|CBH40812.1|	gi|3844749|gb|AAC71373.1|	gi|71851669|gb|AAZ44277.1|
OG0000275	gi|290752838|emb|CBH40813.1|	gi|3844748|gb|AAC71372.1|	gi|71851670|gb|AAZ44278.1|
OG0000276	gi|290752839|emb|CBH40814.1|	gi|3844747|gb|AAC71371.1|	gi|71851671|gb|AAZ44279.1|
OG0000277	gi|290752840|emb|CBH40815.1|	gi|3844746|gb|AAC71370.1|	gi|144227504|gb|AAZ44280.2|
OG0000278	gi|290752841|emb|CBH40816.1|	gi|3844745|gb|AAC71369.1|	gi|71851673|gb|AAZ44281.1|
OG0000279	gi|290752842|emb|CBH40817.1|	gi|3844744|gb|AAC71368.1|	gi|71851674|gb|AAZ44282.1|
OG0000280	gi|290752844|emb|CBH40819.1|	gi|3844936|gb|AAC71577.1|	gi|71851536|gb|AAZ44144.1|
OG0000281	gi|290752845|emb|CBH40820.1|	gi|3844921|gb|AAC71564.1|	gi|144227436|gb|AAZ44129.2|
OG0000282	gi|290752846|emb|CBH40821.1|	gi|1045937|gb|AAC71466.1|	gi|144227638|gb|AAZ44533.2|
OG0000283	gi|290752849|emb|CBH40824.1|	gi|3844838|gb|AAC71455.1|	gi|71851612|gb|AAZ44220.1|
OG0000284	gi|290752850|emb|CBH40825.1|	gi|3844836|gb|AAC71453.1|	gi|71851611|gb|AAZ44219.1|
OG0000285	gi|290752853|emb|CBH40828.1|	gi|3844798|gb|AAC71419.1|	gi|144227423|gb|AAZ44105.2|
OG0000286	gi|290752854|emb|CBH40829.1|	gi|3844803|gb|AAC71423.1|	gi|71851496|gb|AAZ44104.1|
OG0000287	gi|290752855|emb|CBH40830.1|	gi|1045949|gb|AAC71477.1|	gi|71851931|gb|AAZ44539.1|
OG0000288	gi|290752856|emb|CBH40831.1|	gi|1046011|gb|AAC71533.1|	gi|71852053|gb|AAZ44661.1|
OG0000289	gi|290752859|emb|CBH40834.1|, gi|290752862|emb|CBH40837.1|, gi|290752865|emb|CBH40840.1|		
OG0000290	gi|290752872|emb|CBH40847.1|	gi|3845057|gb|AAC72482.1|	gi|144227483|gb|AAZ44228.2|
OG0000291	gi|290752874|emb|CBH40849.1|	gi|3844656|gb|AAC71263.1|	gi|144227639|gb|AAZ44534.2|
OG0000292	gi|290752876|emb|CBH40851.1|	gi|1045721|gb|AAC71264.1|	gi|71851539|gb|AAZ44147.1|
OG0000293	gi|290752880|emb|CBH40855.1|	gi|84626125|gb|AAC71522.2|	gi|71851965|gb|AAZ44573.1|
OG0000294	gi|290752887|emb|CBH40862.1|	gi|3844676|gb|AAC71307.1|	gi|144227452|gb|AAZ44165.2|
OG0000295	gi|290752888|emb|CBH40863.1|	gi|3844675|gb|AAC71306.1|	gi|71851558|gb|AAZ44166.1|
OG0000296	gi|290752889|emb|CBH40864.1|	gi|3844674|gb|AAC71305.1|	gi|71851559|gb|AAZ44167.1|
OG0000297	gi|290752908|emb|CBH40883.1|	gi|3844916|gb|AAC71560.1|	gi|144227714|gb|AAZ44678.2|
OG0000298	gi|290752912|emb|CBH40887.1|	gi|84626139|gb|AAC71565.2|	gi|71852093|gb|AAZ44701.1|
OG0000299	gi|290752913|emb|CBH40888.1|	gi|3844923|gb|AAC71566.1|	gi|71852094|gb|AAZ44702.1|
OG0000300	gi|290752942|emb|CBH40917.1|	gi|3844948|gb|AAC71588.1|	gi|71852095|gb|AAZ44703.1|
OG0000301	gi|290752945|emb|CBH40920.1|	gi|3844726|gb|AAC71353.1|	gi|144227509|gb|AAZ44294.2|
OG0000302	gi|290752946|emb|CBH40921.1|	gi|3844961|gb|AAC71600.1|	gi|71851626|gb|AAZ44234.1|
OG0000303	gi|290752948|emb|CBH40923.1|	gi|3844939|gb|AAC71580.1|	gi|144227469|gb|AAZ44192.2|
OG0000304	gi|290752949|emb|CBH40924.1|	gi|84626142|gb|AAC72466.2|	gi|71851761|gb|AAZ44369.1|
OG0000305	gi|290752950|emb|CBH40925.1|	gi|3845038|gb|AAC72465.1|	gi|71851760|gb|AAZ44368.1|
OG0000306	gi|290752951|emb|CBH40926.1|	gi|3845037|gb|AAC72464.1|	gi|71851759|gb|AAZ44367.1|
OG0000307	gi|290752954|emb|CBH40929.1|	gi|3845022|gb|AAC72450.1|	gi|71851947|gb|AAZ44555.1|
OG0000308	gi|290752982|emb|CBH40958.1|	gi|3844912|gb|AAC71556.1|	gi|71851949|gb|AAZ44557.1|
OG0000309	gi|290752983|emb|CBH40959.1|	gi|3844972|gb|AAC71610.1|	gi|71851948|gb|AAZ44556.1|
OG0000310	gi|290752989|emb|CBH40965.1|	gi|3844860|gb|AAC71486.1|	gi|71851826|gb|AAZ44434.1|
OG0000311	gi|290753000|emb|CBH40976.1|	gi|3844930|gb|AAC71572.1|	gi|71851940|gb|AAZ44548.1|
OG0000312	gi|290753005|emb|CBH40981.1|	gi|1045730|gb|AAC71273.1|	gi|144227539|gb|AAZ44344.2|
OG0000313	gi|290753007|emb|CBH40983.1|	gi|1045674|gb|AAC71222.1|	gi|144227537|gb|AAZ44342.2|
OG0000314	gi|290753012|emb|CBH40988.1|	gi|84626143|gb|AAC72451.2|	gi|71852071|gb|AAZ44679.1|
OG0000315	gi|290753016|emb|CBH40992.1|	gi|3844703|gb|AAC71332.1|	gi|144227550|gb|AAZ44364.2|
OG0000316	gi|290753017|emb|CBH40993.1|	gi|84626148|gb|AAC72458.2|	gi|71852012|gb|AAZ44620.1|
OG0000317	gi|290753020|emb|CBH40996.1|	gi|1045971|gb|AAC71498.1|	gi|144227471|gb|AAZ44202.2|
OG0000318	gi|290753021|emb|CBH40997.1|	gi|3844735|gb|AAC71360.1|	gi|71852061|gb|AAZ44669.1|
OG0000319	gi|290753023|emb|CBH40999.1|	gi|3844734|gb|AAC71359.1|	gi|144227706|gb|AAZ44670.2|
OG0000320	gi|290753025|emb|CBH41001.1|	gi|3844644|gb|AAC71250.1|	gi|71852086|gb|AAZ44694.1|
OG0000321	gi|290753026|emb|CBH41002.1|	gi|3844982|gb|AAC71619.1|	gi|144227646|gb|AAZ44547.2|
OG0000322	gi|290753027|emb|CBH41003.1|	gi|3844686|gb|AAC71316.1|	gi|71852144|gb|AAZ44752.1|
OG0000323	gi|290753051|emb|CBH41027.1|	gi|3844953|gb|AAC71593.1|	gi|144227621|gb|AAZ44506.2|
OG0000324	gi|290753053|emb|CBH41029.1|	gi|3844688|gb|AAC71318.1|	gi|71851511|gb|AAZ44119.1|
OG0000325	gi|290753054|emb|CBH41030.1|	gi|3844687|gb|AAC71317.1|	gi|144227429|gb|AAZ44118.2|
OG0000326	gi|290753057|emb|CBH41033.1|	gi|3844814|gb|AAC71433.1|	gi|144227735|gb|AAZ44717.2|
OG0000327	gi|290753059|emb|CBH41035.1|	gi|3844812|gb|AAC71431.1|	gi|71852107|gb|AAZ44715.1|
OG0000328	gi|290753062|emb|CBH41038.1|	gi|3844910|gb|AAC71554.1|	gi|71851551|gb|AAZ44159.1|
OG0000329	gi|290753067|emb|CBH41043.1|	gi|3844736|gb|AAC71361.1|	gi|71852060|gb|AAZ44668.1|
OG0000330	gi|290753068|emb|CBH41044.1|	gi|84626163|gb|AAC72475.2|	gi|71851545|gb|AAZ44153.1|
OG0000331	gi|290753073|emb|CBH41049.1|	gi|1045950|gb|AAC71478.1|	gi|71851618|gb|AAZ44226.1|
OG0000332	gi|290753076|emb|CBH41052.1|	gi|3844715|gb|AAC71342.1|	gi|71851860|gb|AAZ44468.1|
OG0000333	gi|290753077|emb|CBH41053.1|	gi|1045733|gb|AAC71276.1|	gi|71851744|gb|AAZ44352.1|
OG0000334	gi|290753083|emb|CBH41059.1|	gi|3845051|gb|AAC72477.1|	gi|144227508|gb|AAZ44293.2|
OG0000335	gi|290753084|emb|CBH41060.1|	gi|3844671|gb|AAC71302.1|	gi|144227507|gb|AAZ44292.2|
OG0000336	gi|290753085|emb|CBH41061.1|	gi|3844670|gb|AAC71301.1|	gi|71851683|gb|AAZ44291.1|
OG0000337		gi|3844828|gb|AAC71446.1|, gi|84626145|gb|AAC71447.2|	gi|71851563|gb|AAZ44171.1|
OG0000338		gi|3844872|gb|AAC71514.1|, gi|3844974|gb|AAC71612.1|	gi|71851778|gb|AAZ44386.1|
OG0000339		gi|3844886|gb|AAC71529.1|, gi|84626129|gb|AAC71531.2|, gi|84626137|gb|AAC71563.2|	
OG0000340			gi|144227430|gb|AAZ44120.2|, gi|144227578|gb|AAZ44416.2|, gi|144227681|gb|AAZ44617.2|
OG0000341			gi|144227517|gb|ABO93474.1|, gi|71851597|gb|AAZ44205.1|, gi|71851600|gb|AAZ44208.1|
OG0000342			gi|144227473|gb|AAZ44209.2|, gi|144227516|gb|AAZ44305.2|, gi|71851598|gb|AAZ44206.1|
OG0000343			gi|144227526|gb|AAZ44322.2|, gi|144227667|gb|AAZ44595.2|, gi|144227674|gb|AAZ44606.2|
OG0000344			gi|144227560|gb|AAZ44384.2|, gi|144227645|gb|AAZ44546.2|, gi|71851900|gb|AAZ44508.1|
OG0000345			gi|144227575|gb|AAZ44409.2|, gi|144227587|gb|AAZ44429.2|, gi|71851802|gb|AAZ44410.1|
OG0000346			gi|144227609|gb|AAZ44481.2|, gi|71851874|gb|AAZ44482.1|, gi|71851875|gb|AAZ44483.1|
OG0000347			gi|144227630|gb|AAZ44524.2|, gi|144227745|gb|AAZ44743.2|, gi|144227746|gb|AAZ44744.2|
OG0000348			gi|144227634|gb|AAZ44528.2|, gi|144227636|gb|AAZ44531.2|, gi|71851921|gb|AAZ44529.1|
OG0000349	gi|290752379|emb|CBH40350.1|		gi|71851639|gb|AAZ44247.1|
OG0000350	gi|290752593|emb|CBH40565.1|		gi|71852105|gb|AAZ44713.1|
OG0000351	gi|290752944|emb|CBH40919.1|		gi|144227476|gb|AAZ44215.2|
OG0000352	gi|290753072|emb|CBH41048.1|		gi|144227482|gb|AAZ44227.2|
OG0000353	gi|290752712|emb|CBH40686.1|		gi|71852124|gb|AAZ44732.1|
OG0000354	gi|290752762|emb|CBH40737.1|		gi|144227437|gb|AAZ44130.2|
OG0000355	gi|290752268|emb|CBH40239.1|		gi|71851488|gb|AAZ44096.1|
OG0000356	gi|290752271|emb|CBH40242.1|		gi|71851783|gb|AAZ44391.1|
OG0000357	gi|290752273|emb|CBH40244.1|		gi|71851784|gb|AAZ44392.1|
OG0000358	gi|290752274|emb|CBH40245.1|		gi|144227564|gb|AAZ44393.2|
OG0000359	gi|290752275|emb|CBH40246.1|		gi|71851786|gb|AAZ44394.1|
OG0000360	gi|290752279|emb|CBH40250.1|, gi|290752664|emb|CBH40637.1|		
OG0000361	gi|290752295|emb|CBH40266.1|, gi|290752386|emb|CBH40357.1|		
OG0000362	gi|290752298|emb|CBH40269.1|		gi|144227513|gb|AAZ44302.2|
OG0000363	gi|290752299|emb|CBH40270.1|		gi|144227512|gb|AAZ44301.2|
OG0000364	gi|290752300|emb|CBH40271.1|		gi|144227511|gb|AAZ44300.2|
OG0000365	gi|290752301|emb|CBH40272.1|		gi|71851691|gb|AAZ44299.1|
OG0000366	gi|290752302|emb|CBH40273.1|		gi|144227515|gb|AAZ44304.2|
OG0000367	gi|290752303|emb|CBH40274.1|		gi|144227514|gb|AAZ44303.2|
OG0000368	gi|290752308|emb|CBH40279.1|		gi|144227738|gb|AAZ44721.2|
OG0000369	gi|290752324|emb|CBH40295.1|		gi|71852150|gb|AAZ44758.1|
OG0000370	gi|290752327|emb|CBH40298.1|		gi|71851728|gb|AAZ44336.1|
OG0000371	gi|290752336|emb|CBH40307.1|	gi|3844629|gb|AAC71236.1|	
OG0000372	gi|290752338|emb|CBH40309.1|	gi|3844919|gb|AAC71562.1|	
OG0000373	gi|290752341|emb|CBH40312.1|		gi|144227495|gb|AAZ44253.2|
OG0000374	gi|290752343|emb|CBH40314.1|		gi|71851499|gb|AAZ44107.1|
OG0000375	gi|290752349|emb|CBH40320.1|, gi|290752713|emb|CBH40687.1|		
OG0000376	gi|290752352|emb|CBH40323.1|		gi|144227486|gb|AAZ44231.2|
OG0000377	gi|290752356|emb|CBH40327.1|	gi|3844672|gb|AAC71303.1|	
OG0000378	gi|290752369|emb|CBH40340.1|		gi|71851980|gb|AAZ44588.1|
OG0000379	gi|290752388|emb|CBH40359.1|		gi|71851807|gb|AAZ44415.1|
OG0000380	gi|290752394|emb|CBH40365.1|		gi|144227686|gb|AAZ44627.2|
OG0000381	gi|290752397|emb|CBH40368.1|	gi|3844960|gb|AAC71599.1|	
OG0000382	gi|290752402|emb|CBH40373.1|	gi|84626149|gb|AAC71229.2|	
OG0000383	gi|290752428|emb|CBH40399.1|, gi|290753050|emb|CBH41026.1|		
OG0000384	gi|290752431|emb|CBH40402.1|, gi|290752892|emb|CBH40867.1|		
OG0000385	gi|290752434|emb|CBH40405.1|		gi|144227419|gb|AAZ44098.2|
OG0000386	gi|290752435|emb|CBH40406.1|	gi|3845040|gb|AAC72467.1|	
OG0000387	gi|290752437|emb|CBH40408.1|		gi|71851633|gb|AAZ44241.1|
OG0000388	gi|290752438|emb|CBH40409.1|	gi|84626150|gb|AAC71324.2|	
OG0000389	gi|290752442|emb|CBH40413.1|		gi|71851952|gb|AAZ44560.1|
OG0000390	gi|290752443|emb|CBH40414.1|		gi|144227713|gb|AAZ44677.2|
OG0000391	gi|290752447|emb|CBH40418.1|, gi|290752448|emb|CBH40420.1|		
OG0000392	gi|290752452|emb|CBH40424.1|		gi|71851720|gb|AAZ44328.1|
OG0000393	gi|290752454|emb|CBH40426.1|		gi|144227592|gb|AAZ44435.2|
OG0000394	gi|290752464|emb|CBH40436.1|		gi|144227615|gb|AAZ44494.2|
OG0000395	gi|290752468|emb|CBH40440.1|	gi|3844697|gb|AAC71326.1|	
OG0000396	gi|290752469|emb|CBH40441.1|	gi|84626164|gb|AAC71327.2|	
OG0000397	gi|290752479|emb|CBH40451.1|		gi|144227549|gb|AAZ44363.2|
OG0000398	gi|290752481|emb|CBH40453.1|		gi|144227431|gb|AAZ44121.2|
OG0000399	gi|290752486|emb|CBH40458.1|		gi|71851751|gb|AAZ44359.1|
OG0000400	gi|290752487|emb|CBH40459.1|		gi|144227546|gb|AAZ44360.2|
OG0000401	gi|290752488|emb|CBH40460.1|		gi|144227547|gb|AAZ44361.2|
OG0000402	gi|290752496|emb|CBH40468.1|		gi|71852121|gb|AAZ44729.1|
OG0000403	gi|290752513|emb|CBH40485.1|		gi|71852099|gb|AAZ44707.1|
OG0000404	gi|290752518|emb|CBH40490.1|		gi|71851578|gb|AAZ44186.1|
OG0000405	gi|290752520|emb|CBH40492.1|		gi|71851543|gb|AAZ44151.1|
OG0000406	gi|290752524|emb|CBH40496.1|, gi|290752590|emb|CBH40562.1|		
OG0000407	gi|290752535|emb|CBH40507.1|		gi|144227720|gb|AAZ44687.2|
OG0000408	gi|290752536|emb|CBH40508.1|		gi|71851640|gb|AAZ44248.1|
OG0000409	gi|290752554|emb|CBH40526.1|, gi|290752926|emb|CBH40901.1|		
OG0000410	gi|290752569|emb|CBH40541.1|		gi|144227655|gb|AAZ44566.2|
OG0000411	gi|290752570|emb|CBH40542.1|		gi|144227654|gb|AAZ44565.2|
OG0000412	gi|290752572|emb|CBH40544.1|		gi|144227653|gb|AAZ44563.2|
OG0000413	gi|290752573|emb|CBH40545.1|		gi|71851954|gb|AAZ44562.1|
OG0000414	gi|290752574|emb|CBH40546.1|		gi|71851953|gb|AAZ44561.1|
OG0000415	gi|290752577|emb|CBH40549.1|, gi|290752676|emb|CBH40649.1|		
OG0000416	gi|290752578|emb|CBH40550.1|	gi|3844906|gb|AAC71550.1|	
OG0000417	gi|290752587|emb|CBH40559.1|		gi|144227658|gb|AAZ44570.2|
OG0000418	gi|290752602|emb|CBH40574.1|		gi|71852092|gb|AAZ44700.1|
OG0000419	gi|290752618|emb|CBH40591.1|		gi|144227623|gb|AAZ44513.2|
OG0000420	gi|290752628|emb|CBH40601.1|		gi|144227442|gb|AAZ44139.2|
OG0000421	gi|290752635|emb|CBH40608.1|		gi|71852091|gb|AAZ44699.1|
OG0000422	gi|290752648|emb|CBH40621.1|	gi|1045938|gb|AAC71467.1|	
OG0000423	gi|290752653|emb|CBH40626.1|		gi|71851769|gb|AAZ44377.1|
OG0000424	gi|290752655|emb|CBH40628.1|		gi|71851679|gb|AAZ44287.1|
OG0000425	gi|290752670|emb|CBH40643.1|		gi|144227740|gb|AAZ44725.2|
OG0000426	gi|290752683|emb|CBH40656.1|		gi|144227702|gb|AAZ44655.2|
OG0000427	gi|290752695|emb|CBH40669.1|		gi|71851724|gb|AAZ44332.1|
OG0000428	gi|290752696|emb|CBH40670.1|		gi|71851687|gb|AAZ44295.1|
OG0000429	gi|290752697|emb|CBH40671.1|		gi|144227479|gb|AAZ44222.2|
OG0000430	gi|290752700|emb|CBH40674.1|	gi|3844955|gb|AAC71595.1|	
OG0000431	gi|290752701|emb|CBH40675.1|	gi|3844956|gb|AAC71596.1|	
OG0000432	gi|290752703|emb|CBH40677.1|		gi|71851634|gb|AAZ44242.1|
OG0000433	gi|290752714|emb|CBH40688.1|		gi|144227596|gb|AAZ44449.2|
OG0000434	gi|290752718|emb|CBH40692.1|	gi|3845047|gb|AAC72473.1|	
OG0000435	gi|290752743|emb|CBH40718.1|		gi|144227649|gb|AAZ44552.2|
OG0000436	gi|290752747|emb|CBH40722.1|	gi|1045726|gb|AAC71269.1|	
OG0000437	gi|290752748|emb|CBH40723.1|		gi|71851888|gb|AAZ44496.1|
OG0000438	gi|290752749|emb|CBH40724.1|		gi|144227492|gb|AAZ44249.2|
OG0000439	gi|290752755|emb|CBH40730.1|		gi|71851742|gb|AAZ44350.1|
OG0000440	gi|290752819|emb|CBH40794.1|, gi|290753047|emb|CBH41023.1|		
OG0000441	gi|290752847|emb|CBH40822.1|		gi|71851609|gb|AAZ44217.1|
OG0000442	gi|290752860|emb|CBH40835.1|, gi|290752866|emb|CBH40841.1|		
OG0000443	gi|290752867|emb|CBH40842.1|, gi|290752868|emb|CBH40843.1|		
OG0000444	gi|290752869|emb|CBH40844.1|	gi|1045936|gb|AAC71465.1|	
OG0000445	gi|290752879|emb|CBH40854.1|		gi|71851885|gb|AAZ44493.1|
OG0000446	gi|290752885|emb|CBH40860.1|		gi|71852057|gb|AAZ44665.1|
OG0000447	gi|290752886|emb|CBH40861.1|		gi|144227733|gb|AAZ44714.2|
OG0000448	gi|290752891|emb|CBH40866.1|		gi|71851689|gb|AAZ44297.1|
OG0000449	gi|290752943|emb|CBH40918.1|		gi|71852096|gb|AAZ44704.1|
OG0000450	gi|290752952|emb|CBH40927.1|	gi|3844952|gb|AAC71592.1|	
OG0000451	gi|290752953|emb|CBH40928.1|		gi|144227736|gb|AAZ44718.2|
OG0000452	gi|290752955|emb|CBH40930.1|		gi|144227548|gb|AAZ44362.2|
OG0000453	gi|290752957|emb|CBH40932.1|		gi|71851912|gb|AAZ44520.1|
OG0000454	gi|290752958|emb|CBH40933.1|		gi|144227628|gb|AAZ44521.2|
OG0000455	gi|290752959|emb|CBH40934.1|		gi|71851914|gb|AAZ44522.1|
OG0000456	gi|290752960|emb|CBH40935.1|		gi|71851850|gb|AAZ44458.1|
OG0000457	gi|290752962|emb|CBH40937.1|		gi|71851852|gb|AAZ44460.1|
OG0000458	gi|290752963|emb|CBH40938.1|		gi|71851853|gb|AAZ44461.1|
OG0000459	gi|290752981|emb|CBH40957.1|		gi|144227461|gb|AAZ44181.2|
OG0000460	gi|290752988|emb|CBH40964.1|		gi|144227591|gb|AAZ44433.2|
OG0000461	gi|290752990|emb|CBH40966.1|		gi|144227605|gb|AAZ44466.2|
OG0000462	gi|290752992|emb|CBH40968.1|		gi|144227663|gb|AAZ44581.2|
OG0000463	gi|290752993|emb|CBH40969.1|		gi|71851974|gb|AAZ44582.1|
OG0000464	gi|290752994|emb|CBH40970.1|		gi|144227664|gb|AAZ44583.2|
OG0000465	gi|290752996|emb|CBH40972.1|		gi|144227588|gb|AAZ44430.2|
OG0000466	gi|290752998|emb|CBH40974.1|		gi|71851625|gb|AAZ44233.1|
OG0000467	gi|290752999|emb|CBH40975.1|		gi|144227487|gb|AAZ44232.2|
OG0000468	gi|290753008|emb|CBH40984.1|		gi|71851733|gb|AAZ44341.1|
OG0000469	gi|290753055|emb|CBH41031.1|		gi|144227428|gb|AAZ44117.2|
OG0000470	gi|290753058|emb|CBH41034.1|		gi|144227734|gb|AAZ44716.2|
OG0000471	gi|290753060|emb|CBH41036.1|	gi|3844819|gb|AAC71438.1|	
OG0000472		gi|1045734|gb|AAC71277.1|, gi|3844635|gb|AAC71241.1|	
OG0000473		gi|1045703|gb|AAC71248.1|, gi|3844684|gb|AAC71314.1|	
OG0000474		gi|3844649|gb|AAC71255.1|	gi|144227708|gb|AAZ44672.2|
OG0000475		gi|1045736|gb|AAC71279.1|	gi|71851967|gb|AAZ44575.1|
OG0000476		gi|1045745|gb|AAC71287.1|	gi|144227705|gb|AAZ44659.2|
OG0000477		gi|84626138|gb|ABC59632.1|	gi|144227434|gb|ABO93469.1|
OG0000478		gi|3844705|gb|AAC71333.1|	gi|71851627|gb|AAZ44235.1|
OG0000479		gi|3845046|gb|AAC72472.1|, gi|84626135|gb|AAC71350.2|	
OG0000480		gi|3844724|gb|AAC71351.1|	gi|144227536|gb|AAZ44340.2|
OG0000481		gi|3844770|gb|AAC71393.1|	gi|71851650|gb|AAZ44258.1|
OG0000482		gi|3844788|gb|AAC71410.1|, gi|84626170|gb|AAC71411.2|	
OG0000483		gi|3844815|gb|AAC71434.1|	gi|71851591|gb|AAZ44199.1|
OG0000484		gi|3844832|gb|AAC71450.1|	gi|144227519|gb|AAZ44308.2|
OG0000485		gi|3844833|gb|AAC71451.1|	gi|71851699|gb|AAZ44307.1|
OG0000486		gi|3844834|gb|AAC71452.1|	gi|144227518|gb|AAZ44306.2|
OG0000487		gi|3844845|gb|AAC71462.1|, gi|3844846|gb|AAC71463.1|	
OG0000488		gi|3844873|gb|AAC71515.1|	gi|71851777|gb|AAZ44385.1|
OG0000489		gi|3844887|gb|AAC71530.1|, gi|3845018|gb|AAC72446.1|	
OG0000490		gi|1046012|gb|AAC71534.1|, gi|3844975|gb|AAC71613.1|	
OG0000491		gi|3844893|gb|AAC71538.1|	gi|144227595|gb|AAZ44448.2|
OG0000492		gi|3845006|gb|AAC71641.1|, gi|84626165|gb|ABC59634.1|	
OG0000493		gi|3845032|gb|AAC72459.1|, gi|3845033|gb|AAC72460.1|	
OG0000494			gi|144227458|gb|AAZ44178.2|, gi|144227569|gb|AAZ44403.2|
OG0000495			gi|144227460|gb|AAZ44180.2|, gi|144227571|gb|AAZ44405.2|
OG0000496			gi|144227510|gb|AAZ44298.2|, gi|144227749|gb|AAZ44755.2|
OG0000497			gi|144227521|gb|AAZ44313.2|, gi|71851711|gb|AAZ44319.1|
OG0000498			gi|144227523|gb|AAZ44316.2|, gi|144227668|gb|AAZ44598.2|
OG0000499			gi|144227524|gb|AAZ44317.2|, gi|71851991|gb|AAZ44599.1|
OG0000500			gi|144227525|gb|AAZ44321.2|, gi|71851986|gb|AAZ44594.1|
OG0000501			gi|144227553|gb|AAZ44372.2|, gi|144227582|gb|AAZ44423.2|
OG0000502			gi|144227579|gb|AAZ44419.2|, gi|144227580|gb|AAZ44420.2|
OG0000503			gi|71851864|gb|AAZ44472.1|, gi|71851869|gb|AAZ44477.1|
OG0000504			gi|71851867|gb|AAZ44475.1|, gi|71851872|gb|AAZ44480.1|
OG0000505			gi|144227700|gb|AAZ44653.2|, gi|71852048|gb|AAZ44656.1|
